name,url,category,notes
Admiralty Primary School,https://admiraltypri.moe.edu.sg/,primary,GOVERNMENT SCHOOL
Ahmad Ibrahim Primary School,https://www.ahmadibrahimpri.moe.edu.sg/,primary,GOVERNMENT SCHOOL
Ai Tong School,https://www.aitong.moe.edu.sg/,primary,SAP; GOVERNMENT-AIDED SCH
Alexandra Primary School,https://alexandrapri.moe.edu.sg/,primary,GOVERNMENT SCHOOL
Anchor Green Primary School,https://www.anchorgreenpri.moe.edu.sg/,primary,GOVERNMENT SCHOOL
Anderson Primary School,https://www.andersonpri.moe.edu.sg/,primary,GOVERNMENT SCHOOL
Ang Mo Kio Primary School,https://www.angmokiopri.moe.edu.sg/,primary,GOVERNMENT SCHOOL
Anglo-Chinese School (Junior),https://www.acsj.moe.edu.sg/,primary,GOVERNMENT-AIDED SCH
Anglo-Chinese School (Primary),https://www.acspri.moe.edu.sg/,primary,GEP; GOVERNMENT-AIDED SCH
Angsana Primary School,https://angsanapri.moe.edu.sg/,primary,GOVERNMENT SCHOOL
Beacon Primary School,https://beaconpri.moe.edu.sg/,primary,GOVERNMENT SCHOOL
Bedok Green Primary School,https://www.bedokgreenpri.moe.edu.sg/,primary,GOVERNMENT SCHOOL
Bendemeer Primary School,https://www.bendemeerpri.moe.edu.sg/,primary,GOVERNMENT SCHOOL
Blangah Rise Primary School,https://www.blangahrisepri.moe.edu.sg/,primary,GOVERNMENT SCHOOL
Boon Lay Garden Primary School,https://www.boonlaygardenpri.moe.edu.sg/,primary,GOVERNMENT SCHOOL
Bukit Panjang Primary School,https://www.bukitpanjangpri.moe.edu.sg/,primary,GOVERNMENT SCHOOL
Bukit Timah Primary School,https://www.bukittimahpri.moe.edu.sg/,primary,GOVERNMENT SCHOOL
Bukit View Primary School,https://www.bukitviewpri.moe.edu.sg/,primary,GOVERNMENT SCHOOL
CHIJ (Katong) Primary,https://chijkcp.moe.edu.sg/,primary,GOVERNMENT-AIDED SCH
CHIJ (Kellock),https://www.chijkellock.moe.edu.sg/,primary,GOVERNMENT-AIDED SCH
CHIJ Our Lady Queen of Peace,https://www.chijourladyqueenofpeace.moe.edu.sg/,primary,GOVERNMENT-AIDED SCH
CHIJ Our Lady of Good Counsel,https://www.chijourladyofgoodcounsel.moe.edu.sg/,primary,GOVERNMENT-AIDED SCH
CHIJ Our Lady of the Nativity,https://www.chijourladyofthenativity.moe.edu.sg/,primary,GOVERNMENT-AIDED SCH
CHIJ Primary (Toa Payoh),https://www.chijpritoapayoh.moe.edu.sg/,primary,GOVERNMENT-AIDED SCH
CHIJ St. Nicholas Girls' School,https://www.chijstnicholasgirls.moe.edu.sg/,primary,SAP; Autonomous; IP; GOVERNMENT-AIDED SCH; through-train P1-S4
Canberra Primary School,https://www.canberrapri.moe.edu.sg/,primary,GOVERNMENT SCHOOL
Canossa Catholic Primary School,https://canossacatholicpri.moe.edu.sg/,primary,GOVERNMENT-AIDED SCH
Cantonment Primary School,https://www.cantonmentpri.moe.edu.sg/,primary,GOVERNMENT SCHOOL
Casuarina Primary School,https://www.casuarinapri.moe.edu.sg/,primary,GOVERNMENT SCHOOL
Catholic High School,https://www.catholichigh.moe.edu.sg/,primary,SAP; Autonomous; GEP; IP; GOVERNMENT-AIDED SCH; through-train P1-S4
Cedar Primary School,https://www.cedarpri.moe.edu.sg/,primary,GOVERNMENT SCHOOL
Changkat Primary School,https://www.changkatpri.moe.edu.sg/,primary,GOVERNMENT SCHOOL
Chongfu School,https://www.chongfu.moe.edu.sg/,primary,GOVERNMENT-AIDED SCH
Chongzheng Primary School,https://www.chongzhengpri.moe.edu.sg/,primary,GOVERNMENT SCHOOL
Chua Chu Kang Primary School,https://www.chuachukangpri.moe.edu.sg/,primary,GOVERNMENT SCHOOL
Clementi Primary School,https://www.clementipri.moe.edu.sg/,primary,GOVERNMENT SCHOOL
Compassvale Primary School,https://www.compassvalepri.moe.edu.sg/,primary,GOVERNMENT SCHOOL
Concord Primary School,https://www.concordpri.moe.edu.sg/,primary,GOVERNMENT SCHOOL
Corporation Primary School,https://www.corporationpri.moe.edu.sg/,primary,GOVERNMENT SCHOOL
Damai Primary School,https://www.damaipri.moe.edu.sg/,primary,GOVERNMENT SCHOOL
Dazhong Primary School,https://www.dazhongpri.moe.edu.sg/,primary,GOVERNMENT SCHOOL
De La Salle School,https://www.delasalle.moe.edu.sg/,primary,GOVERNMENT-AIDED SCH
East Spring Primary School,https://www.eastspringpri.moe.edu.sg/,primary,GOVERNMENT SCHOOL
Edgefield Primary School,https://www.edgefieldpri.moe.edu.sg/,primary,GOVERNMENT SCHOOL
Elias Park Primary School,https://www.eliasparkpri.moe.edu.sg/,primary,GOVERNMENT SCHOOL
Endeavour Primary School,https://endeavourpri.moe.edu.sg/,primary,GOVERNMENT SCHOOL
Evergreen Primary School,https://www.evergreenpri.moe.edu.sg/,primary,GOVERNMENT SCHOOL
Fairfield Methodist School (Primary),https://www.fmsp.moe.edu.sg/,primary,GOVERNMENT-AIDED SCH
Farrer Park Primary School,https://www.farrerparkpri.moe.edu.sg/,primary,GOVERNMENT SCHOOL
Fengshan Primary School,https://www.fengshanpri.moe.edu.sg/,primary,GOVERNMENT SCHOOL
Fern Green Primary School,https://www.ferngreenpri.moe.edu.sg/,primary,GOVERNMENT SCHOOL
Fernvale Primary School,https://www.fernvalepri.moe.edu.sg/,primary,GOVERNMENT SCHOOL
First Toa Payoh Primary School,https://www.firsttoapayohpri.moe.edu.sg/,primary,GOVERNMENT SCHOOL
Frontier Primary School,https://www.frontierpri.moe.edu.sg/,primary,GOVERNMENT SCHOOL
Fuchun Primary School,https://www.fuchunpri.moe.edu.sg/,primary,GOVERNMENT SCHOOL
Fuhua Primary School,https://www.fuhuapri.moe.edu.sg/,primary,GOVERNMENT SCHOOL
Gan Eng Seng Primary School,https://www.ganengsengpri.moe.edu.sg/,primary,GOVERNMENT SCHOOL
Geylang Methodist School (Primary),https://www.geylangmethodistpri.moe.edu.sg/,primary,GOVERNMENT-AIDED SCH
Gongshang Primary School,https://www.gongshangpri.moe.edu.sg/,primary,GOVERNMENT SCHOOL
Greendale Primary School,https://www.greendalepri.moe.edu.sg/,primary,GOVERNMENT SCHOOL
Greenridge Primary School,https://www.greenridgepri.moe.edu.sg/,primary,GOVERNMENT SCHOOL
Greenwood Primary School,https://www.greenwoodpri.moe.edu.sg/,primary,GOVERNMENT SCHOOL
Haig Girls' School,https://www.haiggirls.moe.edu.sg/,primary,GOVERNMENT SCHOOL
Henry Park Primary School,https://www.henryparkpri.moe.edu.sg/,primary,GEP; GOVERNMENT SCHOOL
Holy Innocents' Primary School,https://www.holyinnocentspri.moe.edu.sg/,primary,SAP; GOVERNMENT-AIDED SCH
Hong Wen School,https://www.hongwen.moe.edu.sg/,primary,SAP; GOVERNMENT-AIDED SCH
Horizon Primary School,https://www.horizonpri.moe.edu.sg/,primary,GOVERNMENT SCHOOL
Hougang Primary School,https://www.hougangpri.moe.edu.sg/,primary,GOVERNMENT SCHOOL
Huamin Primary School,https://www.huaminpri.moe.edu.sg/,primary,GOVERNMENT SCHOOL
Innova Primary School,https://www.innovapri.moe.edu.sg/,primary,GOVERNMENT SCHOOL
Jiemin Primary School,https://www.jieminpri.moe.edu.sg/,primary,GOVERNMENT SCHOOL
Jing Shan Primary School,https://www.jingshanpri.moe.edu.sg/,primary,GOVERNMENT SCHOOL
Junyuan Primary School,https://junyuanpri.moe.edu.sg/,primary,GOVERNMENT SCHOOL
Jurong Primary School,https://www.jurongpri.moe.edu.sg/,primary,GOVERNMENT SCHOOL
Jurong West Primary School,https://www.jurongwestpri.moe.edu.sg/,primary,GOVERNMENT SCHOOL
Keming Primary School,https://www.kemingpri.moe.edu.sg/,primary,GOVERNMENT SCHOOL
Kheng Cheng School,https://www.khengcheng.moe.edu.sg/,primary,GOVERNMENT-AIDED SCH
Kong Hwa School,https://www.konghwa.moe.edu.sg/,primary,SAP; GOVERNMENT-AIDED SCH
Kranji Primary School,https://kranjipri.moe.edu.sg/,primary,GOVERNMENT SCHOOL
Kuo Chuan Presbyterian Primary School,https://www.kuochuanpresbyterianpri.moe.edu.sg/,primary,GOVERNMENT-AIDED SCH
Lakeside Primary School,https://www.lakesidepri.moe.edu.sg/,primary,GOVERNMENT SCHOOL
Lianhua Primary School,https://www.lianhuapri.moe.edu.sg/,primary,GOVERNMENT SCHOOL
Maha Bodhi School,https://www.mahabodhi.moe.edu.sg/,primary,SAP; GOVERNMENT-AIDED SCH
Maris Stella High School,https://www.marisstellahigh.moe.edu.sg/,primary,SAP; Autonomous; GOVERNMENT-AIDED SCH; through-train P1-S4
Marsiling Primary School,https://www.marsilingpri.moe.edu.sg/,primary,GOVERNMENT SCHOOL
Marymount Convent School,https://www.marymountconvent.moe.edu.sg/,primary,GOVERNMENT-AIDED SCH
Mayflower Primary School,https://www.mayflowerpri.moe.edu.sg/,primary,GOVERNMENT SCHOOL
Mee Toh School,https://www.meetoh.moe.edu.sg/,primary,GOVERNMENT-AIDED SCH
Meridian Primary School,https://www.meridianpri.moe.edu.sg/,primary,GOVERNMENT SCHOOL
Methodist Girls' School (Primary),https://www.mgs.moe.edu.sg/,primary,GOVERNMENT-AIDED SCH
Montfort Junior School,https://www.montfortjunior.moe.edu.sg/,primary,GOVERNMENT-AIDED SCH
Nan Chiau Primary School,https://www.ncps.moe.edu.sg/,primary,GOVERNMENT-AIDED SCH
Nan Hua Primary School,https://www.nanhuapri.moe.edu.sg/,primary,SAP; GEP; GOVERNMENT-AIDED SCH
Nanyang Primary School,https://www.nyps.moe.edu.sg/,primary,SAP; GEP; GOVERNMENT-AIDED SCH
Naval Base Primary School,https://www.navalbasepri.moe.edu.sg/,primary,GOVERNMENT SCHOOL
New Town Primary School,https://www.newtownpri.moe.edu.sg/,primary,GOVERNMENT SCHOOL
Ngee Ann Primary School,https://www.ngeeannpri.moe.edu.sg/,primary,GOVERNMENT-AIDED SCH
North Spring Primary School,https://www.northspringpri.moe.edu.sg/,primary,GOVERNMENT SCHOOL
North View Primary School,https://www.northviewpri.moe.edu.sg/,primary,GOVERNMENT SCHOOL
North Vista Primary School,https://www.northvistapri.moe.edu.sg/,primary,GOVERNMENT SCHOOL
Northland Primary School,https://www.northlandpri.moe.edu.sg/,primary,GOVERNMENT SCHOOL
Northoaks Primary School,https://www.northoakspri.moe.edu.sg/,primary,GOVERNMENT SCHOOL
Northshore Primary School,https://northshorepri.moe.edu.sg/,primary,GOVERNMENT SCHOOL
Oasis Primary School,https://www.oasispri.moe.edu.sg/,primary,GOVERNMENT SCHOOL
Opera Estate Primary School,https://www.operaestatepri.moe.edu.sg/,primary,GOVERNMENT SCHOOL
Palm View Primary School,https://www.palmviewpri.moe.edu.sg/,primary,GOVERNMENT SCHOOL
Park View Primary School,https://www.parkviewpri.moe.edu.sg/,primary,GOVERNMENT SCHOOL
Pasir Ris Primary School,https://www.pasirrispri.moe.edu.sg/,primary,GOVERNMENT SCHOOL
Paya Lebar Methodist Girls' School (Primary),https://www.payalebarmethodistgirlspri.moe.edu.sg/,primary,GOVERNMENT-AIDED SCH
Pei Chun Public School,https://www.peichunpublic.moe.edu.sg/,primary,SAP; GOVERNMENT-AIDED SCH
Pei Hwa Presbyterian Primary School,https://www.peihwapresbyterianpri.moe.edu.sg/,primary,SAP; GOVERNMENT-AIDED SCH
Pei Tong Primary School,https://www.peitongpri.moe.edu.sg/,primary,GOVERNMENT SCHOOL
Peiying Primary School,https://www.peiyingpri.moe.edu.sg/,primary,GOVERNMENT SCHOOL
Pioneer Primary School,https://www.pioneerpri.moe.edu.sg/,primary,GOVERNMENT SCHOOL
Poi Ching School,https://www.poiching.moe.edu.sg/,primary,SAP; GOVERNMENT-AIDED SCH
Princess Elizabeth Primary School,https://www.princesselizabethpri.moe.edu.sg/,primary,GOVERNMENT SCHOOL
Punggol Cove Primary School,https://punggolcovepri.moe.edu.sg/,primary,GOVERNMENT SCHOOL
Punggol Green Primary School,https://www.punggolgreenpri.moe.edu.sg/,primary,GOVERNMENT SCHOOL
Punggol Primary School,https://www.punggolpri.moe.edu.sg/,primary,GOVERNMENT SCHOOL
Punggol View Primary School,https://www.punggolviewpri.moe.edu.sg/,primary,GOVERNMENT SCHOOL
Qifa Primary School,https://www.qifapri.moe.edu.sg/,primary,GOVERNMENT SCHOOL
Qihua Primary School,https://www.qihuapri.moe.edu.sg/,primary,GOVERNMENT SCHOOL
Queenstown Primary School,https://www.queenstownpri.moe.edu.sg/,primary,GOVERNMENT SCHOOL
Radin Mas Primary School,https://www.radinmaspri.moe.edu.sg/,primary,GOVERNMENT SCHOOL
Raffles Girls' Primary School,https://www.rafflesgirlspri.moe.edu.sg/,primary,GEP; GOVERNMENT SCHOOL
Red Swastika School,https://www.redswastika.moe.edu.sg/,primary,SAP; GOVERNMENT-AIDED SCH
River Valley Primary School,https://www.rivervalleypri.moe.edu.sg/,primary,GOVERNMENT SCHOOL
Riverside Primary School,https://www.riversidepri.moe.edu.sg/,primary,GOVERNMENT SCHOOL
Rivervale Primary School,https://www.rivervalepri.moe.edu.sg/,primary,GOVERNMENT SCHOOL
Rosyth School,https://www.rosyth.moe.edu.sg/,primary,GEP; GOVERNMENT SCHOOL
Rulang Primary School,https://www.rulangpri.moe.edu.sg/,primary,GOVERNMENT SCHOOL
Sembawang Primary School,https://www.sembawangpri.moe.edu.sg/,primary,GOVERNMENT SCHOOL
Seng Kang Primary School,https://www.sengkangpri.moe.edu.sg/,primary,GOVERNMENT SCHOOL
Sengkang Green Primary School,https://sengkanggreenpri.moe.edu.sg/,primary,GOVERNMENT SCHOOL
Shuqun Primary School,https://www.shuqunpri.moe.edu.sg/,primary,GOVERNMENT SCHOOL
Si Ling Primary School,https://www.silingpri.moe.edu.sg/,primary,GOVERNMENT SCHOOL
Singapore Chinese Girls' Primary School,https://www.scgs.moe.edu.sg/,primary,GOVERNMENT-AIDED SCH
Singapore Chinese Girls' School Junior Section,https://scgs.moe.edu.sg/,primary,Through-train
South View Primary School,https://www.southviewpri.moe.edu.sg/,primary,GOVERNMENT SCHOOL
Springdale Primary School,https://springdalepri.moe.edu.sg/,primary,GOVERNMENT SCHOOL
St Andrew's School (Junior),https://www.saintandrewsjunior.moe.edu.sg/,primary,GOVERNMENT-AIDED SCH
St. Anthony's Canossian Primary School,https://www.stanthonyscanossianpri.moe.edu.sg/,primary,GOVERNMENT-AIDED SCH
St. Anthony's Primary School,https://www.stanthonyspri.moe.edu.sg/,primary,GOVERNMENT-AIDED SCH
St. Gabriel's Primary School,https://www.stgabrielspri.moe.edu.sg/,primary,GOVERNMENT-AIDED SCH
St. Hilda's Primary School,https://www.shps.moe.edu.sg/,primary,GEP; GOVERNMENT-AIDED SCH
St. Joseph's Institution Junior,https://sjijunior.moe.edu.sg/,primary,GOVERNMENT-AIDED SCH
St. Margaret's School (Primary),https://www.stmargaretspri.moe.edu.sg/,primary,GOVERNMENT-AIDED SCH
St. Stephen's School,https://www.ststephens.moe.edu.sg/,primary,GOVERNMENT-AIDED SCH
Tampines North Primary School,https://www.tampinesnorthpri.moe.edu.sg/,primary,GOVERNMENT SCHOOL
Tampines Primary School,https://www.tampinespri.moe.edu.sg/,primary,GOVERNMENT SCHOOL
Tanjong Katong Primary School,https://www.tanjongkatongpri.moe.edu.sg/,primary,GOVERNMENT SCHOOL
Tao Nan School,https://www.taonan.moe.edu.sg/,primary,SAP; GEP; GOVERNMENT-AIDED SCH
Teck Ghee Primary School,https://www.teckgheepri.moe.edu.sg/,primary,GOVERNMENT SCHOOL
Teck Whye Primary School,https://www.teckwhyepri.moe.edu.sg/,primary,GOVERNMENT SCHOOL
Telok Kurau Primary School,https://www.telokkuraupri.moe.edu.sg/,primary,GOVERNMENT SCHOOL
Temasek Primary School,https://www.temasekpri.moe.edu.sg/,primary,GOVERNMENT SCHOOL
Townsville Primary School,https://www.townsvillepri.moe.edu.sg/,primary,GOVERNMENT SCHOOL
Unity Primary School,https://www.unitypri.moe.edu.sg/,primary,GOVERNMENT SCHOOL
Valour Primary School,https://valourpri.moe.edu.sg/,primary,GOVERNMENT SCHOOL
Waterway Primary School,https://waterwaypri.moe.edu.sg/,primary,GOVERNMENT SCHOOL
Wellington Primary School,https://www.wellingtonpri.moe.edu.sg/,primary,GOVERNMENT SCHOOL
West Grove Primary School,https://www.westgrovepri.moe.edu.sg/,primary,GOVERNMENT SCHOOL
West Spring Primary School,https://www.westspringpri.moe.edu.sg/,primary,GOVERNMENT SCHOOL
West View Primary School,https://www.westviewpri.moe.edu.sg/,primary,GOVERNMENT SCHOOL
Westwood Primary School,https://www.westwoodpri.moe.edu.sg/,primary,GOVERNMENT SCHOOL
White Sands Primary School,https://www.whitesandspri.moe.edu.sg/,primary,GOVERNMENT SCHOOL
Woodgrove Primary School,https://www.woodgrovepri.moe.edu.sg/,primary,GOVERNMENT SCHOOL
Woodlands Primary School,https://www.woodlandspri.moe.edu.sg/,primary,GOVERNMENT SCHOOL
Woodlands Ring Primary School,https://www.woodlandsringpri.moe.edu.sg/,primary,GOVERNMENT SCHOOL
Xinghua Primary School,https://www.xinghuapri.moe.edu.sg/,primary,GOVERNMENT SCHOOL
Xingnan Primary School,https://www.xingnanpri.moe.edu.sg/,primary,GOVERNMENT SCHOOL
Xinmin Primary School,https://xinminpri.moe.edu.sg/,primary,GOVERNMENT SCHOOL
Xishan Primary School,https://www.xishanpri.moe.edu.sg/,primary,GOVERNMENT SCHOOL
Yangzheng Primary School,https://www.yangzhengpri.moe.edu.sg/,primary,GOVERNMENT SCHOOL
Yew Tee Primary School,https://www.yewteepri.moe.edu.sg/,primary,GOVERNMENT SCHOOL
Yio Chu Kang Primary School,https://www.yiochukangpri.moe.edu.sg/,primary,GOVERNMENT SCHOOL
Yishun Primary School,https://www.yishunpri.moe.edu.sg/,primary,GOVERNMENT SCHOOL
Yu Neng Primary School,https://www.ynps.moe.edu.sg/,primary,GOVERNMENT SCHOOL
Yuhua Primary School,https://www.yuhuapri.moe.edu.sg/,primary,GOVERNMENT SCHOOL
Yumin Primary School,https://www.yuminpri.moe.edu.sg/,primary,GOVERNMENT SCHOOL
Zhangde Primary School,https://www.zhangdepri.moe.edu.sg/,primary,GOVERNMENT SCHOOL
Zhenghua Primary School,https://www.zhenghuapri.moe.edu.sg/,primary,GOVERNMENT SCHOOL
Zhonghua Primary School,https://www.zhonghuapri.moe.edu.sg/,primary,GOVERNMENT SCHOOL
Admiralty Secondary School,https://www.admiraltysec.moe.edu.sg/,secondary,GOVERNMENT SCHOOL
Ahmad Ibrahim Secondary School,https://www.ahmadibrahimsec.moe.edu.sg/,secondary,GOVERNMENT SCHOOL
Anderson Secondary School,https://www.andersonsec.moe.edu.sg/,secondary,Autonomous; GOVERNMENT SCHOOL
Ang Mo Kio Secondary School,https://www.angmokiosec.moe.edu.sg/,secondary,GOVERNMENT SCHOOL
Anglican High School,https://www.anglicanhigh.moe.edu.sg/,secondary,SAP; Autonomous; GOVERNMENT-AIDED SCH
Anglo-Chinese School (Barker Road),https://www.acsbr.moe.edu.sg/,secondary,GOVERNMENT-AIDED SCH
Anglo-Chinese School (Independent),https://www.acsindep.moe.edu.sg/,secondary,GEP; IP; INDEPENDENT SCHOOL; IP/through-train
Assumption English School,https://www.assumptionenglish.moe.edu.sg/,secondary,GOVERNMENT-AIDED SCH
Assumption Pathway School,https://www.aps.edu.sg/,secondary,SPECIALISED INDEPENDENT SCHOOL
Bartley Secondary School,https://www.bartleysec.moe.edu.sg/,secondary,GOVERNMENT SCHOOL
Beatty Secondary School,https://www.beattysec.moe.edu.sg/,secondary,GOVERNMENT SCHOOL
Bedok Green Secondary School,https://www.bedokgreensec.moe.edu.sg/,secondary,GOVERNMENT SCHOOL
Bedok South Secondary School,https://www.bedoksouthsec.moe.edu.sg/,secondary,GOVERNMENT SCHOOL
Bedok View Secondary School,https://www.bedokviewsec.moe.edu.sg/,secondary,GOVERNMENT SCHOOL
Bendemeer Secondary School,https://www.bendemeersec.moe.edu.sg/,secondary,GOVERNMENT SCHOOL
Boon Lay Secondary School,https://www.boonlaysec.moe.edu.sg/,secondary,GOVERNMENT SCHOOL
Bowen Secondary School,https://www.bowensec.moe.edu.sg/,secondary,GOVERNMENT SCHOOL
Broadrick Secondary School,https://www.broadricksec.moe.edu.sg/,secondary,GOVERNMENT SCHOOL
Bukit Batok Secondary School,https://www.bukitbatoksec.moe.edu.sg/,secondary,GOVERNMENT SCHOOL
Bukit Merah Secondary School,https://www.bukitmerahsec.moe.edu.sg/,secondary,GOVERNMENT SCHOOL
Bukit Panjang Govt. High School,https://www.bpghs.moe.edu.sg/,secondary,Autonomous; GOVERNMENT SCHOOL
Bukit View Secondary School,https://www.bukitviewsec.moe.edu.sg/,secondary,GOVERNMENT SCHOOL
CHIJ Katong Convent,https://www.chijkatongconvent.moe.edu.sg/,secondary,Autonomous; GOVERNMENT-AIDED SCH
CHIJ Secondary (Toa Payoh),https://www.chijsec.edu.sg/,secondary,Autonomous; GOVERNMENT-AIDED SCH
CHIJ St. Joseph's Convent,https://www.chijstjosephsconvent.moe.edu.sg/,secondary,GOVERNMENT-AIDED SCH
CHIJ St. Theresa's Convent,https://www.chijsttheresasconvent.moe.edu.sg/,secondary,GOVERNMENT-AIDED SCH
Canberra Secondary School,https://canberrasec.moe.edu.sg/,secondary,GOVERNMENT SCHOOL
Cedar Girls' Secondary School,https://www.cedargirlssec.moe.edu.sg/,secondary,Autonomous; IP; GOVERNMENT SCHOOL
Changkat Changi Secondary School,https://www.changkatchangisec.moe.edu.sg/,secondary,GOVERNMENT SCHOOL
Christ Church Secondary School,https://www.christchurchsec.moe.edu.sg/,secondary,GOVERNMENT-AIDED SCH
Chua Chu Kang Secondary School,https://www.chuachukangsec.moe.edu.sg/,secondary,GOVERNMENT SCHOOL
Chung Cheng High School (Main),https://www.chungchenghighmain.moe.edu.sg/,secondary,SAP; Autonomous; GOVERNMENT-AIDED SCH
Chung Cheng High School (Yishun),https://www.chungchenghighyishun.moe.edu.sg/,secondary,GOVERNMENT-AIDED SCH
Clementi Town Secondary School,https://www.clementitownsec.moe.edu.sg/,secondary,GOVERNMENT SCHOOL
Commonwealth Secondary School,https://www.commonwealthsec.moe.edu.sg/,secondary,Autonomous; GOVERNMENT SCHOOL
Compassvale Secondary School,https://www.compassvalesec.moe.edu.sg/,secondary,GOVERNMENT SCHOOL
Crescent Girls' School,https://www.crescent.edu.sg/,secondary,Autonomous; GOVERNMENT SCHOOL
Crest Secondary School,https://www.crestsec.edu.sg/,secondary,SPECIALISED INDEPENDENT SCHOOL
Damai Secondary School,https://www.damaisec.moe.edu.sg/,secondary,GOVERNMENT SCHOOL
Deyi Secondary School,https://www.deyisec.moe.edu.sg/,secondary,GOVERNMENT SCHOOL
Dunearn Secondary School,https://www.dunearnsec.moe.edu.sg/,secondary,GOVERNMENT SCHOOL
Dunman High School,https://www.dunmanhigh.moe.edu.sg/,secondary,SAP; Autonomous; GEP; IP; GOVERNMENT SCHOOL; IP/through-train
Dunman Secondary School,https://www.dunmansec.moe.edu.sg/,secondary,Autonomous; GOVERNMENT SCHOOL
East Spring Secondary School,https://www.eastspringsec.moe.edu.sg/,secondary,GOVERNMENT SCHOOL
Edgefield Secondary School,https://www.edgefieldsec.moe.edu.sg/,secondary,GOVERNMENT SCHOOL
Evergreen Secondary School,https://www.evergreensec.moe.edu.sg/,secondary,GOVERNMENT SCHOOL
Fairfield Methodist School (Secondary),https://www.fairfieldmethodistsec.moe.edu.sg/,secondary,Autonomous; GOVERNMENT-AIDED SCH
Fuhua Secondary School,https://www.fuhuasec.moe.edu.sg/,secondary,GOVERNMENT SCHOOL
Gan Eng Seng School,https://www.ganengsengsch.moe.edu.sg/,secondary,GOVERNMENT SCHOOL
Geylang Methodist School (Secondary),https://www.geylangmethodistsec.moe.edu.sg/,secondary,GOVERNMENT-AIDED SCH
Greendale Secondary School,https://www.greendalesec.moe.edu.sg/,secondary,GOVERNMENT SCHOOL
Greenridge Secondary School,https://www.greenridgesec.moe.edu.sg/,secondary,GOVERNMENT SCHOOL
Guangyang Secondary School,https://guangyangsec.moe.edu.sg/,secondary,GOVERNMENT SCHOOL
Hai Sing Catholic School,https://www.haisingcatholic.moe.edu.sg/,secondary,GOVERNMENT-AIDED SCH
Hillgrove Secondary School,https://www.hillgrovesec.moe.edu.sg/,secondary,GOVERNMENT SCHOOL
Holy Innocents' High School,https://www.holyinnocentshigh.moe.edu.sg/,secondary,GOVERNMENT-AIDED SCH
Hougang Secondary School,https://www.hougangsec.moe.edu.sg/,secondary,GOVERNMENT SCHOOL
Hua Yi Secondary School,https://www.huayisec.moe.edu.sg/,secondary,GOVERNMENT SCHOOL
Hwa Chong Institution,https://www.hci.edu.sg/,secondary,SAP; GEP; IP; INDEPENDENT SCHOOL; IP/through-train
Junyuan Secondary School,https://junyuansec.moe.edu.sg/,secondary,GOVERNMENT SCHOOL
Jurong Secondary School,https://www.jurongsec.moe.edu.sg/,secondary,GOVERNMENT SCHOOL
Jurong West Secondary School,https://www.jurongwestsec.moe.edu.sg/,secondary,GOVERNMENT SCHOOL
Jurongville Secondary School,https://www.jurongvillesec.moe.edu.sg/,secondary,GOVERNMENT SCHOOL
Juying Secondary School,https://juyingsec.moe.edu.sg/,secondary,GOVERNMENT SCHOOL
Kent Ridge Secondary School,https://www.kentridgesec.moe.edu.sg/,secondary,GOVERNMENT SCHOOL
Kranji Secondary School,https://www.kranjisec.moe.edu.sg/,secondary,GOVERNMENT SCHOOL
Kuo Chuan Presbyterian Secondary School,https://www.kuochuanpresbyteriansec.moe.edu.sg/,secondary,GOVERNMENT-AIDED SCH
Loyang View Secondary School,https://www.loyangviewsec.moe.edu.sg/,secondary,GOVERNMENT SCHOOL
Manjusri Secondary School,https://www.manjusrisec.moe.edu.sg/,secondary,GOVERNMENT-AIDED SCH
Marsiling Secondary School,https://www.marsilingsec.moe.edu.sg/,secondary,GOVERNMENT SCHOOL
Mayflower Secondary School,https://www.mayflowersec.moe.edu.sg/,secondary,GOVERNMENT SCHOOL
Meridian Secondary School,https://www.meridiansec.moe.edu.sg/,secondary,GOVERNMENT SCHOOL
Montfort Secondary School,https://montfortsec.moe.edu.sg/,secondary,GOVERNMENT-AIDED SCH
NUS High School of Mathematics and Science,https://www.nushigh.edu.sg/,secondary,GEP; IP; SPECIALISED SCHOOL; IP/through-train
Nan Chiau High School,https://www.nanchiauhigh.moe.edu.sg/,secondary,SAP; GOVERNMENT-AIDED SCH
Nan Hua High School,https://www.nanhuahigh.moe.edu.sg/,secondary,SAP; Autonomous; GOVERNMENT SCHOOL
Nanyang Girls' High School,https://www.nygh.edu.sg/,secondary,SAP; GEP; IP; INDEPENDENT SCHOOL
National Junior College,https://www.nationaljc.moe.edu.sg/,secondary,IP; GOVERNMENT SCHOOL; IP/through-train
Naval Base Secondary School,https://www.navalbasesec.moe.edu.sg/,secondary,GOVERNMENT SCHOOL
New Town Secondary School,https://www.newtownsec.moe.edu.sg/,secondary,GOVERNMENT SCHOOL
Ngee Ann Secondary School,https://www.ngeeannsec.moe.edu.sg/,secondary,Autonomous; GOVERNMENT-AIDED SCH
North Vista Secondary School,https://www.northvistasec.moe.edu.sg/,secondary,GOVERNMENT SCHOOL
Northbrooks Secondary School,https://www.northbrookssec.moe.edu.sg/,secondary,GOVERNMENT SCHOOL
Northland Secondary School,https://www.northlandsec.moe.edu.sg/,secondary,GOVERNMENT SCHOOL
Northlight School,https://www.nls.edu.sg/,secondary,SPECIALISED INDEPENDENT SCHOOL
Orchid Park Secondary School,https://www.orchidparksec.moe.edu.sg/,secondary,GOVERNMENT SCHOOL
Outram Secondary School,https://www.outramsec.moe.edu.sg/,secondary,GOVERNMENT SCHOOL
Pasir Ris Crest Secondary School,https://www.prcss.moe.edu.sg/,secondary,GOVERNMENT SCHOOL
Pasir Ris Secondary School,https://pasirrissec.moe.edu.sg/,secondary,GOVERNMENT SCHOOL
Paya Lebar Methodist Girls' School (Secondary),https://www.plmgss.moe.edu.sg/,secondary,Autonomous; GOVERNMENT-AIDED SCH
Pei Hwa Secondary School,https://www.peihwasec.moe.edu.sg/,secondary,GOVERNMENT SCHOOL
Peicai Secondary School,https://www.peicaisec.moe.edu.sg/,secondary,GOVERNMENT SCHOOL
Peirce Secondary School,https://www.peircesec.moe.edu.sg/,secondary,GOVERNMENT SCHOOL
Presbyterian High School,https://www.presbyterian.moe.edu.sg/,secondary,GOVERNMENT-AIDED SCH
Punggol Secondary School,https://www.punggolsec.moe.edu.sg/,secondary,GOVERNMENT SCHOOL
Queenstown Secondary School,https://www.queenstownsec.moe.edu.sg/,secondary,GOVERNMENT SCHOOL
Queensway Secondary School,https://www.queenswaysec.moe.edu.sg/,secondary,GOVERNMENT SCHOOL
Raffles Girls' School (Secondary),https://www.rgs.edu.sg/,secondary,GEP; IP; INDEPENDENT SCHOOL
Raffles Institution,https://www.ri.edu.sg/,secondary,GEP; IP; INDEPENDENT SCHOOL; IP/through-train
Regent Secondary School,https://regentsec.moe.edu.sg/,secondary,GOVERNMENT SCHOOL
River Valley High School,https://rivervalleyhigh.moe.edu.sg/,secondary,SAP; Autonomous; IP; GOVERNMENT SCHOOL; IP/through-train
Riverside Secondary School,https://www.riversidesec.moe.edu.sg/,secondary,GOVERNMENT SCHOOL
"School of Science and Technology, Singapore",https://www.sst.edu.sg/,secondary,SPECIALISED SCHOOL
"School of the Arts, Singapore",https://www.sota.edu.sg/,secondary,SPECIALISED SCHOOL; IP/through-train
Sembawang Secondary School,https://www.sembawangsec.moe.edu.sg/,secondary,GOVERNMENT SCHOOL
Seng Kang Secondary School,https://www.sengkangsec.moe.edu.sg/,secondary,GOVERNMENT SCHOOL
Serangoon Garden Secondary School,https://www.sgs.moe.edu.sg/,secondary,GOVERNMENT SCHOOL
Serangoon Secondary School,https://www.serangoonsec.moe.edu.sg/,secondary,GOVERNMENT SCHOOL
Singapore Sports School,https://www.sportsschool.edu.sg/,secondary,SPECIALISED SCHOOL; IP/through-train
Spectra Secondary School,https://www.spectra.edu.sg/,secondary,SPECIALISED INDEPENDENT SCHOOL
Springfield Secondary School,https://www.springfieldsec.moe.edu.sg/,secondary,GOVERNMENT SCHOOL
St Andrew's School (Secondary),https://www.standrewssec.moe.edu.sg/,secondary,GOVERNMENT-AIDED SCH
St. Anthony's Canossian Secondary School,https://stanthonyscanossiansec.moe.edu.sg/,secondary,Autonomous; GOVERNMENT-AIDED SCH
St. Gabriel's Secondary School,https://www.stgabrielssec.moe.edu.sg/,secondary,GOVERNMENT-AIDED SCH
St. Hilda's Secondary School,https://www.sthildassec.moe.edu.sg/,secondary,GOVERNMENT-AIDED SCH
St. Joseph's Institution,https://www.sji.edu.sg/,secondary,IP; INDEPENDENT SCHOOL; IP/through-train
St. Margaret's School (Secondary),https://www.stmargaretssec.moe.edu.sg/,secondary,Autonomous; GOVERNMENT-AIDED SCH
St. Patrick's School,https://www.stpatricks.moe.edu.sg/,secondary,GOVERNMENT-AIDED SCH
Swiss Cottage Secondary School,https://www.swisscottagesec.moe.edu.sg/,secondary,GOVERNMENT SCHOOL
Tampines Secondary School,https://www.tampinessec.moe.edu.sg/,secondary,GOVERNMENT SCHOOL
Tanjong Katong Girls' School,https://www.tkgs.moe.edu.sg/,secondary,Autonomous; GOVERNMENT SCHOOL
Tanjong Katong Secondary School,https://www.tanjongkatongsec.moe.edu.sg/,secondary,Autonomous; GOVERNMENT SCHOOL
Temasek Junior College,https://www.temasekjc.moe.edu.sg/,secondary,IP; GOVERNMENT SCHOOL; IP/through-train
Temasek Secondary School,https://temaseksec.moe.edu.sg/,secondary,Autonomous; GOVERNMENT SCHOOL
Unity Secondary School,https://www.unitysec.moe.edu.sg/,secondary,GOVERNMENT SCHOOL
Victoria School,https://www.victoria.moe.edu.sg/,secondary,Autonomous; IP; GOVERNMENT SCHOOL
West Spring Secondary School,https://www.westspringsec.moe.edu.sg/,secondary,GOVERNMENT SCHOOL
Westwood Secondary School,https://www.westwoodsec.moe.edu.sg/,secondary,GOVERNMENT SCHOOL
Whitley Secondary School,https://www.whitleysec.moe.edu.sg/,secondary,GOVERNMENT SCHOOL
Woodgrove Secondary School,https://www.woodgrovesec.moe.edu.sg/,secondary,GOVERNMENT SCHOOL
Woodlands Ring Secondary School,https://www.woodlandsringsec.moe.edu.sg/,secondary,GOVERNMENT SCHOOL
Woodlands Secondary School,https://www.woodlandssec.moe.edu.sg/,secondary,GOVERNMENT SCHOOL
Xinmin Secondary School,https://www.xinminsec.moe.edu.sg/,secondary,Autonomous; GOVERNMENT SCHOOL
Yio Chu Kang Secondary School,https://www.yiochukangsec.moe.edu.sg/,secondary,GOVERNMENT SCHOOL
Yishun Secondary School,https://www.yishunsec.moe.edu.sg/,secondary,GOVERNMENT SCHOOL
Yishun Town Secondary School,https://www.yishuntownsec.moe.edu.sg/,secondary,Autonomous; GOVERNMENT SCHOOL
Yuan Ching Secondary School,https://yuanchingsec.moe.edu.sg/,secondary,GOVERNMENT SCHOOL
Yuhua Secondary School,https://www.yuhuasec.moe.edu.sg/,secondary,GOVERNMENT SCHOOL
Yusof Ishak Secondary School,https://www.yusofishaksec.moe.edu.sg/,secondary,GOVERNMENT SCHOOL
Yuying Secondary School,https://www.yuyingsec.moe.edu.sg/,secondary,GOVERNMENT-AIDED SCH
Zhenghua Secondary School,https://www.zhenghuasec.moe.edu.sg/,secondary,GOVERNMENT SCHOOL
Zhonghua Secondary School,https://www.zhonghuasec.moe.edu.sg/,secondary,Autonomous; GOVERNMENT SCHOOL
Anderson Serangoon Junior College,https://www.asrjc.moe.edu.sg/,jc,GOVERNMENT SCHOOL
Anglo-Chinese Junior College,https://acjc.moe.edu.sg/,jc,GOVERNMENT-AIDED SCH
Catholic Junior College,https://cjc.moe.edu.sg/,jc,GOVERNMENT-AIDED SCH
Eunoia Junior College,https://www.eunoiajc.moe.edu.sg/,jc,IP; GOVERNMENT SCHOOL
Jurong Pioneer Junior College,https://jpjc.moe.edu.sg/,jc,GOVERNMENT SCHOOL
Millennia Institute,https://www.millenniainstitute.moe.edu.sg/,jc,GOVERNMENT SCHOOL
Nanyang Junior College,https://www.nanyangjc.moe.edu.sg/,jc,GOVERNMENT-AIDED SCH
St Andrew's Junior College,https://www.standrewsjc.moe.edu.sg/,jc,GOVERNMENT-AIDED SCH
Tampines Meridian Junior College,https://www.tmjc.moe.edu.sg/,jc,GOVERNMENT SCHOOL
Victoria Junior College,https://www.victoriajc.moe.edu.sg/,jc,IP; GOVERNMENT SCHOOL
Yishun Innova Junior College,https://yijc.moe.edu.sg/,jc,GOVERNMENT SCHOOL
ITE College Central,https://www.ite.edu.sg/colleges/ite-college-central,poly,ITE college
ITE College East,https://www.ite.edu.sg/colleges/ite-college-east,poly,ITE college
ITE College West,https://www.ite.edu.sg/colleges/ite-college-west,poly,ITE college
Institute of Technical Education,https://www.ite.edu.sg/,poly,ITE HQ
Nanyang Polytechnic,https://www.nyp.edu.sg/,poly,Polytechnic
Ngee Ann Polytechnic,https://www.np.edu.sg/,poly,Polytechnic
Republic Polytechnic,https://www.rp.edu.sg/,poly,Polytechnic
Singapore Polytechnic,https://www.sp.edu.sg/,poly,Polytechnic
Temasek Polytechnic,https://www.tp.edu.sg/,poly,Polytechnic
Amity Global Institute,https://www.amity.edu.sg/,uni,Private
Curtin Singapore,https://www.curtin.edu.sg/,uni,Foreign branch campus
Digipen Institute of Technology Singapore,https://www.digipen.edu.sg/,uni,Private
EASB East Asia Institute of Management,https://www.easb.edu.sg/,uni,Private
ESSEC Asia-Pacific,https://www.essec.edu/en/asia-pacific/,uni,Foreign branch campus
INSEAD Asia Campus,https://www.insead.edu/,uni,Foreign branch campus
James Cook University Singapore,https://www.jcu.edu.sg/,uni,Foreign branch campus
Kaplan Higher Education Singapore,https://www.kaplan.com.sg/,uni,Private
MDIS - Management Development Institute of Singapore,https://www.mdis.edu.sg/,uni,Private
Nanyang Technological University,https://www.ntu.edu.sg/,uni,Autonomous university
National University of Singapore,https://www.nus.edu.sg/,uni,Autonomous university
PSB Academy,https://www.psb-academy.edu.sg/,uni,Private
SIM Global Education,https://www.sim.edu.sg/,uni,Private; SIM
Singapore Institute of Technology,https://www.singaporetech.edu.sg/,uni,Autonomous university
Singapore Management University,https://www.smu.edu.sg/,uni,Autonomous university
Singapore University of Social Sciences,https://www.suss.edu.sg/,uni,Autonomous university
Singapore University of Technology and Design,https://www.sutd.edu.sg/,uni,Autonomous university
University of the Arts Singapore,https://www.uas.edu.sg/,uni,NAFA + LASALLE alliance
ACS International (Singapore),https://www.acsinternational.edu.sg/,intl,International school
Australian International School Singapore,https://www.ais.com.sg/,intl,International school
Avondale Grammar School,https://www.avondale.edu.sg/,intl,International school
Brighton College Singapore,https://www.brightoncollege.edu.sg/,intl,International school
Canadian International School Singapore,https://www.cis.edu.sg/,intl,International school
Chatsworth International School,https://www.chatsworth.com.sg/,intl,International school
DPS International School Singapore,https://www.dpsinternational.com/,intl,International school
Dover Court International School,https://www.dovercourt.edu.sg/,intl,International school
EtonHouse International School,https://www.etonhouse.edu.sg/,intl,International school
GIIS Singapore - Global Indian International School,https://singapore.globalindianschool.org/,intl,International school
German European School Singapore,https://www.gess.sg/,intl,International school
Hollandse School Limited,https://www.hollandseschool.org/,intl,Dutch international
Hwa Chong International School,https://www.hcis.edu.sg/,intl,International school
ISS International School,https://www.iss.edu.sg/,intl,International school
Insworld Institute,https://www.insworld.edu.sg/,intl,International school
Invictus International School,https://www.invictus.edu.sg/,intl,International school
Korean International School Singapore,https://www.singaporekorean.sch.sa/,intl,International school
Lycee Francais de Singapour,https://www.lfs.edu.sg/,intl,French international
Middleton International School,https://www.middleton.edu.sg/,intl,International school
NPS International School,https://www.npsinternational.edu.sg/,intl,International school
Nexus International School Singapore,https://www.nexus.edu.sg/,intl,International school
Norwegian Supplementary School Singapore,https://www.norwegianschool.com.sg/,intl,International school
One World International School,https://www.owis.org/,intl,International school
Overseas Family School,https://www.ofs.edu.sg/,intl,International school
SJI International School,https://www.sji-international.com.sg/,intl,International school
Singapore American School,https://www.sas.edu.sg/,intl,International school
Stamford American International School,https://www.sais.edu.sg/,intl,International school
Swiss School in Singapore,https://www.swiss-school.edu.sg/,intl,International school
Tanglin Trust School,https://www.tts.edu.sg/,intl,International school
The Japanese School Singapore,https://www.sjs.edu.sg/,intl,Japanese international
United World College of South East Asia,https://www.uwcsea.edu.sg/,intl,UWCSEA
Waseda Shibuya Senior High School in Singapore,https://www.waseda-shibuya.edu.sg/,intl,Japanese international
XCL World Academy,https://www.xwa.edu.sg/,intl,International school
Yokohama Senior High School Singapore,https://www.yiss.edu.sg/,intl,Japanese international
APSN Tanglin School,https://www.apsn.org.sg/our-schools/tanglin-school/,other,SPED
AWWA School,https://www.awwa.org.sg/our-services/children-with-special-needs/awwa-school/,other,SPED
Beatty Secondary School Special Education,https://beattysec.moe.edu.sg/,other,SPED programme
Canossian School,https://canossian.moe.edu.sg/,other,SPED hearing impaired
Cerebral Palsy Alliance Singapore School,https://cpas.org.sg/,other,SPED
Civil Service College Singapore,https://www.csc.gov.sg/,other,Public-service training
Eden School,https://www.edenschool.edu.sg/,other,SPED autism
Grace Orchard School,https://graceorchard.edu.sg/,other,SPED
LASALLE College of the Arts,https://www.lasalle.edu.sg/,other,Arts institution
Lighthouse School,https://www.lighthouse.edu.sg/,other,SPED visually impaired
MINDS - Movement for the Intellectually Disabled of Singapore,https://www.minds.org.sg/,other,SPED schools network
Madrasah Al-Arabiah Al-Islamiah,https://www.alarabiah.edu.sg/,other,Madrasah
Madrasah Al-Irsyad Al-Islamiah,https://www.al-irsyad.edu.sg/,other,Madrasah
Madrasah Al-Maarif Al-Islamiah,https://www.almaarif.edu.sg/,other,Madrasah
Madrasah Aljunied Al-Islamiah,https://www.aljunied.edu.sg/,other,Madrasah
Madrasah Alsagoff Al-Arabiah,https://www.alsagoff.edu.sg/,other,Madrasah
Madrasah Wak Tanjong Al-Islamiah,https://www.waktanjong.edu.sg/,other,Madrasah
Metta School,https://www.mettaschool.edu.sg/,other,SPED
Nanyang Academy of Fine Arts,https://www.nafa.edu.sg/,other,Arts institution; NAFA
Pathlight School,https://www.pathlight.org.sg/,other,SPED autism
Rainbow Centre,https://www.rainbowcentre.org.sg/,other,SPED
Singapore Bible College,https://www.sbc.edu.sg/,other,Theological
Trinity Theological College,https://www.ttc.edu.sg/,other,Theological
